{
  "experiment": "likelihood_trap",
  "n_sequences": 500,
  "by_strategy": {
    "greedy": {
      "n": 500,
      "mean_gen_len": 40.0,
      "std_gen_len": 0.0,
      "mean_scored_len": 40.0,
      "frac_emitted_eos": 0.0,
      "frac_hit_cap": 1.0,
      "mean_total_logp": -21.386973309755327,
      "mean_per_token_logp": -0.5346743327438831,
      "mean_rep4": 0.33043243243243237,
      "mean_distinct2": 0.5754871794871794
    },
    "beam5": {
      "n": 500,
      "mean_gen_len": 40.0,
      "std_gen_len": 0.0,
      "mean_scored_len": 40.0,
      "frac_emitted_eos": 0.0,
      "frac_hit_cap": 1.0,
      "mean_total_logp": -13.165438554048539,
      "mean_per_token_logp": -0.3291359638512134,
      "mean_rep4": 0.5525405405405405,
      "mean_distinct2": 0.38533333333333325
    },
    "beam20": {
      "n": 500,
      "mean_gen_len": 40.0,
      "std_gen_len": 0.0,
      "mean_scored_len": 40.0,
      "frac_emitted_eos": 0.0,
      "frac_hit_cap": 1.0,
      "mean_total_logp": -9.728420904874802,
      "mean_per_token_logp": -0.24321052262187004,
      "mean_rep4": 0.6862702702702702,
      "mean_distinct2": 0.2746153846153846
    },
    "ancestral": {
      "n": 500,
      "mean_gen_len": 40.0,
      "std_gen_len": 0.0,
      "mean_scored_len": 40.0,
      "frac_emitted_eos": 0.0,
      "frac_hit_cap": 1.0,
      "mean_total_logp": -63.21631695771217,
      "mean_per_token_logp": -1.5804079239428042,
      "mean_rep4": 0.07459459459459458,
      "mean_distinct2": 0.838871794871795
    },
    "topp90": {
      "n": 500,
      "mean_gen_len": 40.0,
      "std_gen_len": 0.0,
      "mean_scored_len": 40.0,
      "frac_emitted_eos": 0.0,
      "frac_hit_cap": 1.0,
      "mean_total_logp": -44.67842991161346,
      "mean_per_token_logp": -1.1169607477903365,
      "mean_rep4": 0.12432432432432432,
      "mean_distinct2": 0.781948717948718
    },
    "temp07": {
      "n": 500,
      "mean_gen_len": 40.0,
      "std_gen_len": 0.0,
      "mean_scored_len": 40.0,
      "frac_emitted_eos": 0.0,
      "frac_hit_cap": 1.0,
      "mean_total_logp": -38.585945347309114,
      "mean_per_token_logp": -0.9646486336827279,
      "mean_rep4": 0.1481081081081081,
      "mean_distinct2": 0.7546666666666667
    }
  },
  "frac_emitted_eos": 0.0,
  "frac_hit_cap": 1.0,
  "length_vs_total_logp": {
    "per_strategy": {},
    "pooled_sampling": null,
    "usable": false,
    "note": "Slope is the change in unnormalised reward per generated token, in nats. Negative slope is the brevity incentive; its magnitude is the model's mean per-token entropy. Computed only where length varies; deterministic decoders pinned at the cap are excluded because their length carries no information.",
    "reason_unavailable": "No strategy produced varying scored length. For a len_beta=0 model this is itself the finding: EOS has been trained out, so the model never stops and every generation runs to the cap. See frac_emitted_eos."
  },
  "run_name": "diag_likelihood_trap_gfn-lb0-500",
  "model_path": "/mount/studenten-temp1/users/singhsk/thesis/thesis/gfn-lm-tuning/infill_subj_arithmetic/gpt2_large_sft_output",
  "adapter_path": "/mount/studenten-temp1/users/singhsk/thesis/thesis/gfn-lm-tuning/infill_subj_arithmetic/outputs/2026-06-27/19-13-26/avid-leaf-24_490.pt",
  "seed": 0,
  "wall_time_sec": 3255.540591955185,
  "argv": {
    "exp": "likelihood_trap",
    "run_name": "diag_likelihood_trap_gfn-lb0-500",
    "out_dir": "results_diag",
    "model_path": "/mount/studenten-temp1/users/singhsk/thesis/thesis/gfn-lm-tuning/infill_subj_arithmetic/gpt2_large_sft_output",
    "adapter_path": "/mount/studenten-temp1/users/singhsk/thesis/thesis/gfn-lm-tuning/infill_subj_arithmetic/outputs/2026-06-27/19-13-26/avid-leaf-24_490.pt",
    "dtype": "float32",
    "dataset": "roc_stories",
    "device": "cuda",
    "seed": 0,
    "overwrite": false,
    "n_seqs": 500,
    "min_tokens": 15,
    "max_tokens": 60,
    "batch_size": 64,
    "n_cand": 2000,
    "n_near": 500,
    "n_mid": 500,
    "max_new_tokens": 40,
    "n_pairs": 200000,
    "nn_probe": 2000,
    "core_path": ".",
    "steps": 50,
    "n_traj_seqs": 5,
    "eps_start": 10.5,
    "eps_end": 0.1
  }
}