{
  "experiment": "likelihood_trap",
  "n_sequences": 500,
  "by_strategy": {
    "greedy": {
      "n": 500,
      "mean_gen_len": 40.0,
      "std_gen_len": 0.0,
      "mean_scored_len": 40.0,
      "frac_emitted_eos": 0.0,
      "frac_hit_cap": 1.0,
      "mean_total_logp": -15.01979534997046,
      "mean_per_token_logp": -0.3754948837492615,
      "mean_rep4": 0.5651351351351352,
      "mean_distinct2": 0.37148717948717946
    },
    "beam5": {
      "n": 500,
      "mean_gen_len": 40.0,
      "std_gen_len": 0.0,
      "mean_scored_len": 40.0,
      "frac_emitted_eos": 0.0,
      "frac_hit_cap": 1.0,
      "mean_total_logp": -8.945112337961794,
      "mean_per_token_logp": -0.22362780844904478,
      "mean_rep4": 0.7045945945945946,
      "mean_distinct2": 0.2626666666666666
    },
    "beam20": {
      "n": 500,
      "mean_gen_len": 40.0,
      "std_gen_len": 0.0,
      "mean_scored_len": 40.0,
      "frac_emitted_eos": 0.0,
      "frac_hit_cap": 1.0,
      "mean_total_logp": -6.923431682482362,
      "mean_per_token_logp": -0.173085792062059,
      "mean_rep4": 0.7471351351351352,
      "mean_distinct2": 0.2329230769230769
    },
    "ancestral": {
      "n": 500,
      "mean_gen_len": 40.0,
      "std_gen_len": 0.0,
      "mean_scored_len": 40.0,
      "frac_emitted_eos": 0.0,
      "frac_hit_cap": 1.0,
      "mean_total_logp": -62.79252523507178,
      "mean_per_token_logp": -1.5698131308767942,
      "mean_rep4": 0.1858378378378378,
      "mean_distinct2": 0.7253333333333334
    },
    "topp90": {
      "n": 500,
      "mean_gen_len": 40.0,
      "std_gen_len": 0.0,
      "mean_scored_len": 40.0,
      "frac_emitted_eos": 0.0,
      "frac_hit_cap": 1.0,
      "mean_total_logp": -40.143496560469266,
      "mean_per_token_logp": -1.0035874140117318,
      "mean_rep4": 0.31562162162162155,
      "mean_distinct2": 0.6027692307692307
    },
    "temp07": {
      "n": 500,
      "mean_gen_len": 40.0,
      "std_gen_len": 0.0,
      "mean_scored_len": 40.0,
      "frac_emitted_eos": 0.0,
      "frac_hit_cap": 1.0,
      "mean_total_logp": -33.69155409325659,
      "mean_per_token_logp": -0.8422888523314149,
      "mean_rep4": 0.3671351351351352,
      "mean_distinct2": 0.5510769230769231
    }
  },
  "frac_emitted_eos": 0.0,
  "frac_hit_cap": 1.0,
  "length_vs_total_logp": {
    "per_strategy": {},
    "pooled_sampling": null,
    "usable": false,
    "note": "Slope is the change in unnormalised reward per generated token, in nats. Negative slope is the brevity incentive; its magnitude is the model's mean per-token entropy. Computed only where length varies; deterministic decoders pinned at the cap are excluded because their length carries no information.",
    "reason_unavailable": "No strategy produced varying scored length. For a len_beta=0 model this is itself the finding: EOS has been trained out, so the model never stops and every generation runs to the cap. See frac_emitted_eos."
  },
  "run_name": "diag_likelihood_trap_gfn-lb0-2000",
  "model_path": "/mount/studenten-temp1/users/singhsk/thesis/thesis/gfn-lm-tuning/infill_subj_arithmetic/gpt2_large_sft_output",
  "adapter_path": "/mount/studenten-temp1/users/singhsk/thesis/thesis/gfn-lm-tuning/infill_subj_arithmetic/outputs/2026-06-22/13-24-52/daily-resonance-15_1990.pt",
  "seed": 0,
  "wall_time_sec": 3200.207706451416,
  "argv": {
    "exp": "likelihood_trap",
    "run_name": "diag_likelihood_trap_gfn-lb0-2000",
    "out_dir": "results_diag",
    "model_path": "/mount/studenten-temp1/users/singhsk/thesis/thesis/gfn-lm-tuning/infill_subj_arithmetic/gpt2_large_sft_output",
    "adapter_path": "/mount/studenten-temp1/users/singhsk/thesis/thesis/gfn-lm-tuning/infill_subj_arithmetic/outputs/2026-06-22/13-24-52/daily-resonance-15_1990.pt",
    "dtype": "float32",
    "dataset": "roc_stories",
    "device": "cuda",
    "seed": 0,
    "overwrite": false,
    "n_seqs": 500,
    "min_tokens": 15,
    "max_tokens": 60,
    "batch_size": 64,
    "n_cand": 2000,
    "n_near": 500,
    "n_mid": 500,
    "max_new_tokens": 40,
    "n_pairs": 200000,
    "nn_probe": 2000,
    "core_path": ".",
    "steps": 50,
    "n_traj_seqs": 5,
    "eps_start": 10.5,
    "eps_end": 0.1
  }
}