{
  "experiment": "likelihood_trap",
  "n_sequences": 500,
  "by_strategy": {
    "greedy": {
      "n": 500,
      "mean_gen_len": 40.0,
      "std_gen_len": 0.0,
      "mean_scored_len": 40.0,
      "frac_emitted_eos": 0.0,
      "frac_hit_cap": 1.0,
      "mean_total_logp": -64.87919010925293,
      "mean_per_token_logp": -1.621979752731323,
      "mean_rep4": 0.1222162162162162,
      "mean_distinct2": 0.7654871794871795
    },
    "beam5": {
      "n": 500,
      "mean_gen_len": 40.0,
      "std_gen_len": 0.0,
      "mean_scored_len": 40.0,
      "frac_emitted_eos": 0.0,
      "frac_hit_cap": 1.0,
      "mean_total_logp": -63.52068143844605,
      "mean_per_token_logp": -1.5880170359611514,
      "mean_rep4": 0.04394594594594594,
      "mean_distinct2": 0.9106153846153847
    },
    "beam20": {
      "n": 500,
      "mean_gen_len": 40.0,
      "std_gen_len": 0.0,
      "mean_scored_len": 40.0,
      "frac_emitted_eos": 0.0,
      "frac_hit_cap": 1.0,
      "mean_total_logp": -53.158230823516845,
      "mean_per_token_logp": -1.3289557705879211,
      "mean_rep4": 0.11751351351351351,
      "mean_distinct2": 0.8186153846153846
    },
    "ancestral": {
      "n": 500,
      "mean_gen_len": 40.0,
      "std_gen_len": 0.0,
      "mean_scored_len": 40.0,
      "frac_emitted_eos": 0.0,
      "frac_hit_cap": 1.0,
      "mean_total_logp": -139.8270295639038,
      "mean_per_token_logp": -3.4956757390975954,
      "mean_rep4": 0.006378378378378374,
      "mean_distinct2": 0.9783076923076923
    },
    "topp90": {
      "n": 500,
      "mean_gen_len": 40.0,
      "std_gen_len": 0.0,
      "mean_scored_len": 40.0,
      "frac_emitted_eos": 0.0,
      "frac_hit_cap": 1.0,
      "mean_total_logp": -93.69626989746094,
      "mean_per_token_logp": -2.3424067474365238,
      "mean_rep4": 0.01459459459459459,
      "mean_distinct2": 0.962923076923077
    },
    "temp07": {
      "n": 500,
      "mean_gen_len": 40.0,
      "std_gen_len": 0.0,
      "mean_scored_len": 40.0,
      "frac_emitted_eos": 0.0,
      "frac_hit_cap": 1.0,
      "mean_total_logp": -93.1966612854004,
      "mean_per_token_logp": -2.3299165321350097,
      "mean_rep4": 0.01621621621621621,
      "mean_distinct2": 0.9573333333333334
    }
  },
  "frac_emitted_eos": 0.0,
  "frac_hit_cap": 1.0,
  "length_vs_total_logp": {
    "per_strategy": {},
    "pooled_sampling": null,
    "usable": false,
    "note": "Slope is the change in unnormalised reward per generated token, in nats. Negative slope is the brevity incentive; its magnitude is the model's mean per-token entropy. Computed only where length varies; deterministic decoders pinned at the cap are excluded because their length carries no information.",
    "reason_unavailable": "No strategy produced varying scored length. For a len_beta=0 model this is itself the finding: EOS has been trained out, so the model never stops and every generation runs to the cap. See frac_emitted_eos."
  },
  "run_name": "diag_likelihood_trap_llama3-8b",
  "model_path": "/mount/arbeitsdaten31/studenten1/singhsk/models/llama3-8b",
  "adapter_path": null,
  "seed": 0,
  "wall_time_sec": 5386.191310405731,
  "argv": {
    "exp": "likelihood_trap",
    "run_name": "diag_likelihood_trap_llama3-8b",
    "out_dir": "results_diag",
    "model_path": "/mount/arbeitsdaten31/studenten1/singhsk/models/llama3-8b",
    "adapter_path": null,
    "dtype": "bfloat16",
    "dataset": "roc_stories",
    "device": "cuda",
    "seed": 0,
    "overwrite": true,
    "n_seqs": 500,
    "min_tokens": 15,
    "max_tokens": 60,
    "batch_size": 64,
    "n_cand": 2000,
    "n_near": 500,
    "n_mid": 500,
    "max_new_tokens": 40,
    "n_pairs": 200000,
    "nn_probe": 2000,
    "core_path": ".",
    "steps": 50,
    "n_traj_seqs": 5,
    "eps_start": 10.5,
    "eps_end": 0.1
  }
}