{
  "experiment": "anisotropy",
  "vocab_size": 128256,
  "vocab_size_live": 127969,
  "n_dead_embedding_rows": 287,
  "embedding_dim": 4096,
  "n_pairs_used": 199998,
  "mean_pairwise_l2": 0.8354588150978088,
  "std_pairwise_l2": 0.06175681948661804,
  "median_pairwise_l2": 0.8416593670845032,
  "mean_pairwise_cosine": 0.01846875622868538,
  "mean_nearest_neighbour_l2": 0.5850058794021606,
  "median_nearest_neighbour_l2": 0.5983858704566956,
  "min_nearest_neighbour_l2": 0.003486563917249441,
  "norm_of_mean_embedding": 0.08080978691577911,
  "mean_residual_norm": 0.588628351688385,
  "cone_ratio_mu_over_residual": 0.13728490427616907,
  "mean_grad_fraction_along_cone_axis": 0.10569919851319991,
  "var_explained_top1": 0.00761023984047188,
  "var_explained_top2": 0.011924958740082342,
  "var_explained_top5": 0.02119703226864061,
  "var_explained_top10": 0.03020469086990046,
  "var_explained_top50": 0.06706374643843586,
  "run_name": "diag_anisotropy_llama3-8b",
  "model_path": "/mount/arbeitsdaten31/studenten1/singhsk/models/llama3-8b",
  "adapter_path": null,
  "seed": 0,
  "wall_time_sec": 63.750468492507935,
  "argv": {
    "exp": "anisotropy",
    "run_name": "diag_anisotropy_llama3-8b",
    "out_dir": "results_diag",
    "model_path": "/mount/arbeitsdaten31/studenten1/singhsk/models/llama3-8b",
    "adapter_path": null,
    "dtype": "bfloat16",
    "dataset": "roc_stories",
    "device": "cuda",
    "seed": 0,
    "overwrite": false,
    "n_seqs": 50,
    "min_tokens": 15,
    "max_tokens": 60,
    "batch_size": 64,
    "n_cand": 2000,
    "n_near": 500,
    "n_mid": 500,
    "max_new_tokens": 40,
    "n_pairs": 200000,
    "nn_probe": 2000,
    "core_path": ".",
    "steps": 50,
    "n_traj_seqs": 5,
    "eps_start": 10.5,
    "eps_end": 0.1
  }
}