{
  "curve": [
    {
      "epoch": 0,
      "acc_by_noise": {
        "0.0": 76.37614678899082,
        "0.1": 74.88532110091744,
        "0.3": 70.87155963302752,
        "0.5": 68.34862385321101,
        "0.7": 59.63302752293578,
        "0.9": 52.408256880733944
      }
    },
    {
      "epoch": 1,
      "acc_by_noise": {
        "0.0": 80.61926605504587,
        "0.1": 78.55504587155963,
        "0.3": 75.91743119266054,
        "0.5": 69.38073394495413,
        "0.7": 60.89449541284404,
        "0.9": 53.78440366972477
      }
    },
    {
      "epoch": 2,
      "acc_by_noise": {
        "0.0": 80.84862385321101,
        "0.1": 79.47247706422019,
        "0.3": 75.68807339449542,
        "0.5": 71.10091743119266,
        "0.7": 65.13761467889908,
        "0.9": 55.38990825688074
      }
    },
    {
      "epoch": 3,
      "acc_by_noise": {
        "0.0": 80.96330275229357,
        "0.1": 80.04587155963303,
        "0.3": 76.60550458715596,
        "0.5": 72.70642201834862,
        "0.7": 62.72935779816514,
        "0.9": 53.440366972477065
      }
    }
  ],
  "final_low_noise_acc": 80.96330275229357,
  "out": "results_revision/noisy_classifier.pt"
}