{
  "diag_likelihood_trap_gpt2sft": {
    "frac_emitted_eos": 0.0026666666666666666,
    "frac_hit_cap": 0.9973333333333333
  },
  "diag_linearization_gfn-lb1-500": {
    "spearman_surrogate_vs_true_ALL": 0.04624798375116917,
    "pearson_surrogate_vs_true_ALL": -0.03159064658860833,
    "spearman_surrogate_vs_true_SELF": -0.1714041716358474,
    "spearman_surrogate_vs_true_FUTURE": 0.08735626305858066,
    "n_pairs": 400000,
    "mean_inter_token_distance": 2.3541153835839035
  },
  "diag_linearization_gpt2sft": {
    "spearman_surrogate_vs_true_ALL": -0.010838970530935124,
    "pearson_surrogate_vs_true_ALL": -0.022724589978759563,
    "spearman_surrogate_vs_true_SELF": -0.09564726692167662,
    "spearman_surrogate_vs_true_FUTURE": 0.03180218617884011,
    "n_pairs": 400000,
    "mean_inter_token_distance": 2.3541153835839035
  },
  "diag_likelihood_trap_gfn-lb0-2000": {
    "frac_emitted_eos": 0.0,
    "frac_hit_cap": 1.0
  },
  "traces_gpt2sft": {},
  "diag_linearization_gfn-lb0-2000": {
    "spearman_surrogate_vs_true_ALL": 0.023697937664380123,
    "pearson_surrogate_vs_true_ALL": 0.0458281854288376,
    "spearman_surrogate_vs_true_SELF": 0.005323520079662645,
    "spearman_surrogate_vs_true_FUTURE": 0.023489338087049862,
    "n_pairs": 400000,
    "mean_inter_token_distance": 2.3541153835839035
  },
  "diag_likelihood_trap_gfn-lb0-500": {
    "frac_emitted_eos": 0.0,
    "frac_hit_cap": 1.0
  },
  "diag_linearization_gfn-lb0-500": {
    "spearman_surrogate_vs_true_ALL": 0.05725233741962526,
    "pearson_surrogate_vs_true_ALL": 0.05797122494402972,
    "spearman_surrogate_vs_true_SELF": -0.05675744844636208,
    "spearman_surrogate_vs_true_FUTURE": 0.08381929926437764,
    "n_pairs": 400000,
    "mean_inter_token_distance": 2.3541153835839035
  },
  "diag_anisotropy_llama3-8b": {
    "mean_pairwise_l2": 0.8354588150978088,
    "mean_nearest_neighbour_l2": 0.5850058794021606
  },
  "diag_anisotropy_gpt2sft": {
    "mean_pairwise_l2": 2.772538661956787,
    "mean_nearest_neighbour_l2": 1.8222060203552246
  },
  "diag_likelihood_trap_gfn-lb1-500": {
    "frac_emitted_eos": 0.3923333333333333,
    "frac_hit_cap": 0.6076666666666667
  }
}