sample_idx,L,pos,gt_tok,rec_tok,recovered_exact,obs_bit_identical,fill_is_real_vocab,tail,top1_len_L,top1_len_Ltail,top1_identical,top5_overlap,gt_in_top5_L,kl_pref_L_vs_Ltail,maxabs_prob_L_vs_Ltail
0,29,3,388,388,1,True,True,16,388,388,1,3,1,0.19309182465076447,0.15849369764328003
1,37,15,2488,2488,1,True,True,16,2488,2488,1,3,1,0.0008369306451641023,0.00022138375788927078
2,31,2,286,286,1,True,True,16,286,286,1,3,1,0.0010105217806994915,0.0010543465614318848
3,41,34,11084,17783,0,True,True,16,11084,11084,1,5,1,0.2364565134048462,0.2574949264526367
4,54,25,11453,8826,0,True,True,16,3519,3519,1,5,0,0.07037685811519623,0.03420676663517952
