sample_idx,L,pos,gt_tok,rec_tok,recovered_exact,obs_bit_identical,fill_is_real_vocab,tail,top1_len_L,top1_len_Ltail,top1_identical,top5_overlap,gt_in_top5_L,kl_pref_L_vs_Ltail,maxabs_prob_L_vs_Ltail
0,29,3,388,388,1,True,True,16,388,388,1,2,1,0.02248920127749443,0.03377765417098999
1,37,15,2488,2488,1,True,True,16,2488,2488,1,5,1,0.0001747233618516475,0.0003340149705763906
2,31,2,286,286,1,True,True,16,286,286,1,4,1,0.00041989015880972147,0.0008243322372436523
3,41,34,11084,17783,0,True,True,16,11084,11084,1,5,1,0.023971635848283768,0.07609193027019501
4,54,25,11453,13975,0,True,True,16,3519,3519,1,5,0,0.06241852045059204,0.06349338591098785
